event,date,location
UFC Fight Night: Ribas vs. Namajunas,"March 23, 2024","Las Vegas, Nevada, USA"
UFC Fight Night: Tuivasa vs. Tybura,"March 16, 2024","Las Vegas, Nevada, USA"
UFC 299: O'Malley vs. Vera 2,"March 09, 2024","Miami, Florida, USA"
UFC Fight Night: Rozenstruik vs. Gaziev,"March 02, 2024","Las Vegas, Nevada, USA"
UFC Fight Night: Moreno vs. Royval 2,"February 24, 2024","Mexico City, Distrito Federal, Mexico"
UFC 298: Volkanovski vs. Topuria,"February 17, 2024","Anaheim, California, USA"
UFC Fight Night: Hermansson vs. Pyfer,"February 10, 2024","Las Vegas, Nevada, USA"
UFC Fight Night: Dolidze vs. Imavov,"February 03, 2024","Las Vegas, Nevada, USA"
UFC 297: Strickland vs. Du Plessis,"January 20, 2024","Toronto, Ontario, Canada"
UFC Fight Night: Ankalaev vs. Walker 2,"January 13, 2024","Las Vegas, Nevada, USA"
UFC 296: Edwards vs. Covington,"December 16, 2023","Las Vegas, Nevada, USA"
UFC Fight Night: Song vs. Gutierrez,"December 09, 2023","Las Vegas, Nevada, USA"
UFC Fight Night: Dariush vs. Tsarukyan,"December 02, 2023","Austin, Texas, USA"
UFC Fight Night: Allen vs. Craig,"November 18, 2023","Las Vegas, Nevada, USA"
UFC 295: Prochazka vs. Pereira,"November 11, 2023","New York City, New York, USA"
UFC Fight Night: Almeida vs. Lewis,"November 04, 2023","Sao Paulo, Sao Paulo, Brazil"
UFC 294: Makhachev vs. Volkanovski 2,"October 21, 2023","Abu Dhabi, Abu Dhabi, United Arab Emirates"
UFC Fight Night: Yusuff vs. Barboza,"October 14, 2023","Las Vegas, Nevada, USA"
UFC Fight Night: Dawson vs. Green,"October 07, 2023","Las Vegas, Nevada, USA"
UFC Fight Night: Fiziev vs. Gamrot,"September 23, 2023","Las Vegas, Nevada, USA"
UFC Fight Night: Grasso vs. Shevchenko 2,"September 16, 2023","Las Vegas, Nevada, USA"
UFC 293: Adesanya vs. Strickland,"September 09, 2023","Sydney, New South Wales, Australia"
UFC Fight Night: Gane vs. Spivac,"September 02, 2023","Paris, Ile-de-France, France"
UFC Fight Night: Holloway vs. The Korean Zombie,"August 26, 2023","Kallang, Singapore"
UFC 292: Sterling vs. O'Malley,"August 19, 2023","Boston, Massachusetts, USA"
UFC Fight Night: Luque vs. Dos Anjos,"August 12, 2023","Las Vegas, Nevada, USA"
UFC Fight Night: Sandhagen vs. Font,"August 05, 2023","Nashville, Tennessee, USA"
UFC 291: Poirier vs. Gaethje 2,"July 29, 2023","Salt Lake City, Utah, USA"
UFC Fight Night: Aspinall vs. Tybura,"July 22, 2023","London, England, United Kingdom"
UFC Fight Night: Holm vs. Bueno Silva,"July 15, 2023","Las Vegas, Nevada, USA"
UFC 290: Volkanovski vs. Rodriguez,"July 08, 2023","Las Vegas, Nevada, USA"
UFC Fight Night: Strickland vs. Magomedov,"July 01, 2023","Las Vegas, Nevada, USA"
UFC Fight Night: Emmett vs. Topuria,"June 24, 2023","Jacksonville, Florida, USA"
UFC Fight Night: Vettori vs. Cannonier,"June 17, 2023","Las Vegas, Nevada, USA"
UFC 289: Nunes vs. Aldana,"June 10, 2023","Vancouver, British Columbia, Canada"
UFC Fight Night: Kara-France vs. Albazi,"June 03, 2023","Las Vegas, Nevada, USA"
UFC Fight Night: Dern vs. Hill,"May 20, 2023","Las Vegas, Nevada, USA"
UFC Fight Night: Rozenstruik vs. Almeida,"May 13, 2023","Charlotte, North Carolina, USA"
UFC 288: Sterling vs. Cejudo,"May 06, 2023","Newark, New Jersey, USA"
UFC Fight Night: Song vs. Simon,"April 29, 2023","Las Vegas, Nevada, USA"
UFC Fight Night: Pavlovich vs. Blaydes,"April 22, 2023","Las Vegas, Nevada, USA"
UFC Fight Night: Holloway vs. Allen,"April 15, 2023","Kansas City, Missouri, USA"
UFC 287: Pereira vs. Adesanya 2,"April 08, 2023","Miami, Florida, USA"
UFC Fight Night: Vera vs. Sandhagen,"March 25, 2023","San Antonio, Texas, USA"
UFC 286: Edwards vs. Usman 3,"March 18, 2023","London, England, United Kingdom"
UFC Fight Night: Yan vs. Dvalishvili,"March 11, 2023","Las Vegas, Nevada, USA"
UFC 285: Jones vs. Gane,"March 04, 2023","Las Vegas, Nevada, USA"
UFC Fight Night: Muniz vs. Allen,"February 25, 2023","Las Vegas, Nevada, USA"
UFC Fight Night: Andrade vs. Blanchfield,"February 18, 2023","Las Vegas, Nevada, USA"
UFC 284: Makhachev vs. Volkanovski,"February 11, 2023","Perth, Western Australia, Australia"
UFC Fight Night: Lewis vs. Spivac,"February 04, 2023","Las Vegas, Nevada, USA"
UFC 283: Teixeira vs. Hill,"January 21, 2023","Rio de Janeiro, Rio de Janeiro, Brazil"
UFC Fight Night: Strickland vs. Imavov,"January 14, 2023","Las Vegas, Nevada, USA"
UFC Fight Night: Cannonier vs. Strickland,"December 17, 2022","Las Vegas, Nevada, USA"
UFC 282: Blachowicz vs. Ankalaev,"December 10, 2022","Las Vegas, Nevada, USA"
UFC Fight Night: Thompson vs. Holland,"December 03, 2022","Orlando, Florida, USA"
UFC Fight Night: Nzechukwu vs. Cutelaba,"November 19, 2022","Las Vegas, Nevada, USA"
UFC 281: Adesanya vs. Pereira,"November 12, 2022","New York City, New York, USA"
UFC Fight Night: Rodriguez vs. Lemos,"November 05, 2022","Las Vegas, Nevada, USA"
UFC Fight Night: Kattar vs. Allen,"October 29, 2022","Las Vegas, Nevada, USA"
UFC 280: Oliveira vs. Makhachev,"October 22, 2022","Abu Dhabi, Abu Dhabi, United Arab Emirates"
UFC Fight Night: Grasso vs. Araujo,"October 15, 2022","Las Vegas, Nevada, USA"
UFC Fight Night: Dern vs. Yan,"October 01, 2022","Las Vegas, Nevada, USA"
UFC Fight Night: Sandhagen vs. Song,"September 17, 2022","Las Vegas, Nevada, USA"
UFC 279: Diaz vs. Ferguson,"September 10, 2022","Las Vegas, Nevada, USA"
UFC Fight Night: Gane vs. Tuivasa,"September 03, 2022","Paris, Ile-de-France, France"
UFC 278: Usman vs. Edwards,"August 20, 2022","Salt Lake City, Utah, USA"
UFC Fight Night: Vera vs. Cruz,"August 13, 2022","San Diego, California, USA"
UFC Fight Night: Santos vs. Hill,"August 06, 2022","Las Vegas, Nevada, USA"
UFC 277: Pena vs. Nunes 2,"July 30, 2022","Dallas, Texas, USA"
UFC Fight Night: Blaydes vs. Aspinall,"July 23, 2022","London, England, United Kingdom"
UFC Fight Night: Ortega vs. Rodriguez,"July 16, 2022","Elmont, New York, USA"
UFC Fight Night: Dos Anjos vs. Fiziev,"July 09, 2022","Las Vegas, Nevada, USA"
UFC 276: Adesanya vs. Cannonier,"July 02, 2022","Las Vegas, Nevada, USA"
UFC Fight Night: Tsarukyan vs. Gamrot,"June 25, 2022","Las Vegas, Nevada, USA"
UFC Fight Night: Kattar vs. Emmett,"June 18, 2022","Austin, Texas, USA"
UFC 275: Teixeira vs. Prochazka,"June 11, 2022","Kallang, Singapore"
UFC Fight Night: Volkov vs. Rozenstruik,"June 04, 2022","Las Vegas, Nevada, USA"
UFC Fight Night: Holm vs. Vieira,"May 21, 2022","Las Vegas, Nevada, USA"
UFC Fight Night: Blachowicz vs. Rakic,"May 14, 2022","Las Vegas, Nevada, USA"
UFC 274: Oliveira vs. Gaethje,"May 07, 2022","Phoenix, Arizona, USA"
UFC Fight Night: Font vs. Vera,"April 30, 2022","Las Vegas, Nevada, USA"
UFC Fight Night: Lemos vs. Andrade,"April 23, 2022","Las Vegas, Nevada, USA"
UFC Fight Night: Luque vs. Muhammad,"April 16, 2022","Las Vegas, Nevada, USA"
UFC 273: Volkanovski vs. The Korean Zombie,"April 09, 2022","Jacksonville, Florida, USA"
UFC Fight Night: Blaydes vs. Daukaus,"March 26, 2022","Columbus, Ohio, USA"
UFC Fight Night: Volkov vs. Aspinall,"March 19, 2022","London, England, United Kingdom"
UFC Fight Night: Santos vs. Ankalaev,"March 12, 2022","Las Vegas, Nevada, USA"
UFC 272: Covington vs. Masvidal,"March 05, 2022","Las Vegas, Nevada, USA"
UFC Fight Night: Makhachev vs. Green,"February 26, 2022","Las Vegas, Nevada, USA"
UFC Fight Night: Walker vs. Hill,"February 19, 2022","Las Vegas, Nevada, USA"
UFC 271: Adesanya vs. Whittaker 2,"February 12, 2022","Houston, Texas, USA"
UFC Fight Night: Hermansson vs. Strickland,"February 05, 2022","Las Vegas, Nevada, USA"
UFC 270: Ngannou vs. Gane,"January 22, 2022","Anaheim, California, USA"
UFC Fight Night: Kattar vs. Chikadze,"January 15, 2022","Las Vegas, Nevada, USA"
UFC Fight Night: Lewis vs. Daukaus,"December 18, 2021","Las Vegas, Nevada, USA"
UFC 269: Oliveira vs. Poirier,"December 11, 2021","Las Vegas, Nevada, USA"
UFC Fight Night: Font vs. Aldo,"December 04, 2021","Las Vegas, Nevada, USA"
UFC Fight Night: Vieira vs. Tate,"November 20, 2021","Las Vegas, Nevada, USA"
UFC Fight Night: Holloway vs. Rodriguez,"November 13, 2021","Las Vegas, Nevada, USA"
UFC 268: Usman vs. Covington 2,"November 06, 2021","New York City, New York, USA"
UFC 267: Blachowicz vs. Teixeira,"October 30, 2021","Abu Dhabi, Abu Dhabi, United Arab Emirates"
UFC Fight Night: Costa vs. Vettori,"October 23, 2021","Las Vegas, Nevada, USA"
UFC Fight Night: Ladd vs. Dumont,"October 16, 2021","Las Vegas, Nevada, USA"
UFC Fight Night: Dern vs. Rodriguez,"October 09, 2021","Las Vegas, Nevada, USA"
UFC Fight Night: Santos vs. Walker,"October 02, 2021","Las Vegas, Nevada, USA"
UFC 266: Volkanovski vs. Ortega,"September 25, 2021","Las Vegas, Nevada, USA"
UFC Fight Night: Smith vs. Spann,"September 18, 2021","Las Vegas, Nevada, USA"
UFC Fight Night: Brunson vs. Till,"September 04, 2021","Las Vegas, Nevada, USA"
UFC Fight Night: Barboza vs. Chikadze,"August 28, 2021","Las Vegas, Nevada, USA"
UFC Fight Night: Cannonier vs. Gastelum,"August 21, 2021","Las Vegas, Nevada, USA"
UFC 265: Lewis vs. Gane,"August 07, 2021","Houston, Texas, USA"
UFC Fight Night: Hall vs. Strickland,"July 31, 2021","Las Vegas, Nevada, USA"
UFC Fight Night: Sandhagen vs. Dillashaw,"July 24, 2021","Las Vegas, Nevada, USA"
UFC Fight Night: Makhachev vs. Moises,"July 17, 2021","Las Vegas, Nevada, USA"
UFC 264: Poirier vs. McGregor 3,"July 10, 2021","Las Vegas, Nevada, USA"
UFC Fight Night: Gane vs. Volkov,"June 26, 2021","Las Vegas, Nevada, USA"
UFC Fight Night: Jung vs. Ige,"June 19, 2021","Las Vegas, Nevada, USA"
UFC 263: Adesanya vs. Vettori 2,"June 12, 2021","Glendale, Arizona, USA"
UFC Fight Night: Rozenstruik vs. Sakai,"June 05, 2021","Las Vegas, Nevada, USA"
UFC Fight Night: Font vs. Garbrandt,"May 22, 2021","Las Vegas, Nevada, USA"
UFC 262: Oliveira vs. Chandler,"May 15, 2021","Houston, Texas, USA"
UFC Fight Night: Rodriguez vs. Waterson,"May 08, 2021","Las Vegas, Nevada, USA"
UFC Fight Night: Reyes vs. Prochazka,"May 01, 2021","Las Vegas, Nevada, USA"
UFC 261: Usman vs. Masvidal 2,"April 24, 2021","Jacksonville, Florida, USA"
UFC Fight Night: Whittaker vs. Gastelum,"April 17, 2021","Las Vegas, Nevada, USA"
UFC Fight Night: Vettori vs. Holland,"April 10, 2021","Las Vegas, Nevada, USA"
UFC 260: Miocic vs. Ngannou,"March 27, 2021","Las Vegas, Nevada, USA"
UFC Fight Night: Brunson vs. Holland,"March 20, 2021","Las Vegas, Nevada, USA"
UFC Fight Night: Edwards vs. Muhammad,"March 13, 2021","Las Vegas, Nevada, USA"
UFC 259: Blachowicz vs. Adesanya,"March 06, 2021","Las Vegas, Nevada, USA"
UFC Fight Night: Rozenstruik vs. Gane,"February 27, 2021","Las Vegas, Nevada, USA"
UFC Fight Night: Blaydes vs. Lewis,"February 20, 2021","Las Vegas, Nevada, USA"
UFC 258: Usman vs. Burns,"February 13, 2021","Las Vegas, Nevada, USA"
UFC Fight Night: Overeem vs. Volkov,"February 06, 2021","Las Vegas, Nevada, USA"
UFC 257: Poirier vs. McGregor,"January 23, 2021","Abu Dhabi, Abu Dhabi, United Arab Emirates"
UFC Fight Night: Chiesa vs. Magny,"January 20, 2021","Abu Dhabi, Abu Dhabi, United Arab Emirates"
UFC Fight Night: Holloway vs. Kattar,"January 16, 2021","Abu Dhabi, Abu Dhabi, United Arab Emirates"
UFC Fight Night: Thompson vs. Neal,"December 19, 2020","Las Vegas, Nevada, USA"
UFC 256: Figueiredo vs. Moreno,"December 12, 2020","Las Vegas, Nevada, USA"
UFC Fight Night: Hermansson vs. Vettori,"December 05, 2020","Las Vegas, Nevada, USA"
UFC Fight Night: Smith vs. Clark,"November 28, 2020","Las Vegas, Nevada, USA"
UFC 255: Figueiredo vs. Perez,"November 21, 2020","Las Vegas, Nevada, USA"
UFC Fight Night: Felder vs. Dos Anjos,"November 14, 2020","Las Vegas, Nevada, USA"
UFC Fight Night: Santos vs. Teixeira,"November 07, 2020","Las Vegas, Nevada, USA"
UFC Fight Night: Hall vs. Silva,"October 31, 2020","Las Vegas, Nevada, USA"
UFC 254: Khabib vs. Gaethje,"October 24, 2020","Abu Dhabi, Abu Dhabi, United Arab Emirates"
UFC Fight Night: Ortega vs. The Korean Zombie,"October 17, 2020","Abu Dhabi, Abu Dhabi, United Arab Emirates"
UFC Fight Night: Moraes vs. Sandhagen,"October 10, 2020","Abu Dhabi, Abu Dhabi, United Arab Emirates"
UFC Fight Night: Holm vs. Aldana,"October 03, 2020","Abu Dhabi, Abu Dhabi, United Arab Emirates"
UFC 253: Adesanya vs. Costa,"September 26, 2020","Abu Dhabi, Abu Dhabi, United Arab Emirates"
UFC Fight Night: Covington vs. Woodley,"September 19, 2020","Las Vegas, Nevada, USA"
UFC Fight Night: Waterson vs. Hill,"September 12, 2020","Las Vegas, Nevada, USA"
UFC Fight Night: Overeem vs. Sakai,"September 05, 2020","Las Vegas, Nevada, USA"
UFC Fight Night: Smith vs. Rakic,"August 29, 2020","Las Vegas, Nevada, USA"
UFC Fight Night: Munhoz vs. Edgar,"August 22, 2020","Las Vegas, Nevada, USA"
UFC 252: Miocic vs. Cormier 3,"August 15, 2020","Las Vegas, Nevada, USA"
UFC Fight Night: Lewis vs. Oleinik,"August 08, 2020","Las Vegas, Nevada, USA"
UFC Fight Night: Brunson vs. Shahbazyan,"August 01, 2020","Las Vegas, Nevada, USA"
UFC Fight Night: Whittaker vs. Till,"July 25, 2020","Abu Dhabi, Abu Dhabi, United Arab Emirates"
UFC Fight Night: Figueiredo vs. Benavidez 2,"July 18, 2020","Abu Dhabi, Abu Dhabi, United Arab Emirates"
UFC Fight Night: Kattar vs. Ige,"July 15, 2020","Abu Dhabi, Abu Dhabi, United Arab Emirates"
UFC 251: Usman vs. Masvidal,"July 11, 2020","Abu Dhabi, Abu Dhabi, United Arab Emirates"
UFC Fight Night: Poirier vs. Hooker,"June 27, 2020","Las Vegas, Nevada, USA"
UFC Fight Night: Blaydes vs. Volkov,"June 20, 2020","Las Vegas, Nevada, USA"
UFC Fight Night: Eye vs. Calvillo,"June 13, 2020","Las Vegas, Nevada, USA"
UFC 250: Nunes vs. Spencer,"June 06, 2020","Las Vegas, Nevada, USA"
UFC Fight Night: Woodley vs. Burns,"May 30, 2020","Las Vegas, Nevada, USA"
UFC Fight Night: Overeem vs. Harris,"May 16, 2020","Jacksonville, Florida, USA"
UFC Fight Night: Smith vs. Teixeira,"May 13, 2020","Jacksonville, Florida, USA"
UFC 249: Ferguson vs. Gaethje,"May 09, 2020","Jacksonville, Florida, USA"
UFC Fight Night: Lee vs. Oliveira,"March 14, 2020","Brasilia, Distrito Federal, Brazil"
UFC 248: Adesanya vs. Romero,"March 07, 2020","Las Vegas, Nevada, USA"
UFC Fight Night: Benavidez vs. Figueiredo,"February 29, 2020","Norfolk, Virginia, USA"
UFC Fight Night: Felder vs. Hooker,"February 22, 2020","Auckland, New Zealand"
UFC Fight Night: Anderson vs. Blachowicz,"February 15, 2020","Rio Rancho, New Mexico, USA"
UFC 247: Jones vs. Reyes,"February 08, 2020","Houston, Texas, USA"
UFC Fight Night: Blaydes vs. Dos Santos,"January 25, 2020","Raleigh, North Carolina, USA"
UFC 246: McGregor vs. Cowboy,"January 18, 2020","Las Vegas, Nevada, USA"
UFC Fight Night: Edgar vs. The Korean Zombie,"December 21, 2019","Busan, South Korea"
UFC 245: Usman vs. Covington,"December 14, 2019","Las Vegas, Nevada, USA"
UFC Fight Night: Overeem vs. Rozenstruik,"December 07, 2019","Washington, DC, USA"
UFC Fight Night: Blachowicz vs. Jacare,"November 16, 2019","Sao Paulo, Sao Paulo, Brazil"
UFC Fight Night: Zabit vs. Kattar,"November 09, 2019","Moscow, Moscow, Russia"
UFC 244: Masvidal vs. Diaz,"November 02, 2019","New York City, New York, USA"
UFC Fight Night: Maia vs. Askren,"October 26, 2019","Kallang, Singapore"
UFC Fight Night: Reyes vs. Weidman,"October 18, 2019","Boston, Massachusetts, USA"
UFC Fight Night: Joanna vs. Waterson,"October 12, 2019","Tampa, Florida, USA"
UFC 243: Whittaker vs. Adesanya,"October 05, 2019","Melbourne, Victoria, Australia"
UFC Fight Night: Hermansson vs. Cannonier,"September 28, 2019","Copenhagen, Denmark"
UFC Fight Night: Rodriguez vs. Stephens,"September 21, 2019","Mexico City, Distrito Federal, Mexico"
UFC Fight Night: Cowboy vs. Gaethje,"September 14, 2019","Vancouver, British Columbia, Canada"
UFC 242: Khabib vs. Poirier,"September 07, 2019","Abu Dhabi, Abu Dhabi, United Arab Emirates"
UFC Fight Night: Andrade vs. Zhang,"August 31, 2019","Shenzhen, Guangdong, China"
UFC 241: Cormier vs. Miocic 2,"August 17, 2019","Anaheim, California, USA"
UFC Fight Night: Shevchenko vs. Carmouche 2,"August 10, 2019","Montevideo, Uruguay"
UFC Fight Night: Covington vs. Lawler,"August 03, 2019","Newark, New Jersey, USA"
UFC 240: Holloway vs. Edgar,"July 27, 2019","Edmonton, Alberta, Canada"
UFC Fight Night: Dos Anjos vs. Edwards,"July 20, 2019","San Antonio, Texas, USA"
UFC Fight Night: De Randamie vs. Ladd,"July 13, 2019","Sacramento, California, USA"
UFC 239: Jones vs. Santos,"July 06, 2019","Las Vegas, Nevada, USA"
UFC Fight Night: Ngannou vs. Dos Santos,"June 29, 2019","Minneapolis, Minnesota, USA"
UFC Fight Night: Moicano vs. The Korean Zombie,"June 22, 2019","Greenville, South Carolina, USA"
UFC 238: Cejudo vs. Moraes,"June 08, 2019","Chicago, Illinois, USA"
UFC Fight Night: Gustafsson vs. Smith,"June 01, 2019","Stockholm, Sweden"
UFC Fight Night: Dos Anjos vs. Lee,"May 18, 2019","Rochester, New York, USA"
UFC 237: Namajunas vs. Andrade,"May 11, 2019","Rio de Janeiro, Rio de Janeiro, Brazil"
UFC Fight Night: Iaquinta vs. Cowboy,"May 04, 2019","Ottawa, Ontario, Canada"
UFC Fight Night: Jacare vs. Hermansson,"April 27, 2019","Sunrise, Florida, USA"
UFC Fight Night: Overeem vs. Oleinik,"April 20, 2019","Saint Petersburg, Saint Petersburg, Russia"
UFC 236: Holloway vs. Poirier 2,"April 13, 2019","Atlanta, Georgia, USA"
UFC Fight Night: Barboza vs. Gaethje,"March 30, 2019","Philadelphia, Pennsylvania, USA"
UFC Fight Night: Thompson vs. Pettis,"March 23, 2019","Nashville, Tennessee, USA"
UFC Fight Night: Till vs. Masvidal,"March 16, 2019","London, England, United Kingdom"
UFC Fight Night: Lewis vs. Dos Santos,"March 09, 2019","Wichita, Kansas, USA"
UFC 235: Jones vs. Smith,"March 02, 2019","Las Vegas, Nevada, USA"
UFC Fight Night: Blachowicz vs. Santos,"February 23, 2019","Prague, Czech Republic"
UFC Fight Night: Ngannou vs. Velasquez,"February 17, 2019","Phoenix, Arizona, USA"
UFC 234: Adesanya vs. Silva,"February 09, 2019","Melbourne, Victoria, Australia"
UFC Fight Night: Assuncao vs. Moraes 2,"February 02, 2019","Fortaleza, Ceara, Brazil"
UFC Fight Night: Cejudo vs. Dillashaw,"January 19, 2019","Brooklyn, New York, USA"
UFC 232: Jones vs. Gustafsson 2,"December 29, 2018","Los Angeles, California, USA"
UFC Fight Night: Lee vs. Iaquinta,"December 15, 2018","Milwaukee, Wisconsin, USA"
UFC 231: Holloway vs. Ortega,"December 08, 2018","Toronto, Ontario, Canada"
UFC Fight Night: Dos Santos vs. Tuivasa,"December 01, 2018","Adelaide, South Australia, Australia"
The Ultimate Fighter: Heavy Hitters Finale,"November 30, 2018","Las Vegas, Nevada, USA"
UFC Fight Night: Blaydes vs. Ngannou 2,"November 24, 2018","Beijing, China"
UFC Fight Night: Magny vs. Ponzinibbio,"November 17, 2018","Buenos Aires, Buenos Aires, Argentina"
UFC Fight Night: Korean Zombie vs. Rodriguez,"November 10, 2018","Denver, Colorado, USA"
UFC 230: Cormier vs. Lewis,"November 03, 2018","New York City, New York, USA"
UFC Fight Night: Oezdemir vs. Smith,"October 27, 2018","Moncton, New Brunswick, Canada"
UFC 229: Khabib vs. McGregor,"October 06, 2018","Las Vegas, Nevada, USA"
UFC Fight Night: Marreta vs. Anders,"September 22, 2018","Sao Paulo, Sao Paulo, Brazil"
UFC Fight Night: Hunt vs. Oleinik,"September 15, 2018","Moscow, Moscow, Russia"
UFC 228: Woodley vs. Till,"September 08, 2018","Dallas, Texas, USA"
UFC Fight Night: Gaethje vs. Vick,"August 25, 2018","Lincoln, Nebraska, USA"
UFC 227: Dillashaw vs. Garbrandt 2,"August 04, 2018","Los Angeles, California, USA"
UFC Fight Night: Alvarez vs. Poirier 2,"July 28, 2018","Calgary, Alberta, Canada"
UFC Fight Night: Shogun vs. Smith,"July 22, 2018","Hamburg, Hamburg, Germany"
UFC Fight Night: Dos Santos vs. Ivanov,"July 14, 2018","Boise, Idaho, USA"
UFC 226: Miocic vs. Cormier,"July 07, 2018","Las Vegas, Nevada, USA"
The Ultimate Fighter: Undefeated Finale,"July 06, 2018","Las Vegas, Nevada, USA"
UFC Fight Night: Cowboy vs. Edwards,"June 23, 2018","Kallang, Singapore"
UFC 225: Whittaker vs. Romero 2,"June 09, 2018","Chicago, Illinois, USA"
UFC Fight Night: Rivera vs. Moraes,"June 01, 2018","Utica, New York, USA"
UFC Fight Night: Thompson vs. Till,"May 27, 2018","Liverpool, England, United Kingdom"
UFC Fight Night: Maia vs. Usman,"May 19, 2018","Santiago, Chile"
UFC 224: Nunes vs. Pennington,"May 12, 2018","Rio de Janeiro, Rio de Janeiro, Brazil"
UFC Fight Night: Barboza vs. Lee,"April 21, 2018","Atlantic City, New Jersey, USA"
UFC Fight Night: Poirier vs. Gaethje,"April 14, 2018","Glendale, Arizona, USA"
UFC 223: Khabib vs. Iaquinta,"April 07, 2018","Brooklyn, New York, USA"
UFC Fight Night: Werdum vs. Volkov,"March 17, 2018","London, England, United Kingdom"
UFC 222: Cyborg vs. Kunitskaya,"March 03, 2018","Las Vegas, Nevada, USA"
UFC Fight Night: Emmett vs. Stephens,"February 24, 2018","Orlando, Florida, USA"
UFC Fight Night: Cerrone vs. Medeiros,"February 18, 2018","Austin, Texas, USA"
UFC 221: Romero vs. Rockhold,"February 10, 2018","Perth, Western Australia, Australia"
UFC Fight Night: Machida vs. Anders,"February 03, 2018","Belem, Para, Brazil"
UFC Fight Night: Jacare vs. Brunson 2,"January 27, 2018","Charlotte, North Carolina, USA"
UFC 220: Miocic vs. Ngannou,"January 20, 2018","Boston, Massachusetts, USA"
UFC Fight Night: Stephens vs. Choi,"January 14, 2018","St. Louis, Missouri, USA"
UFC 219: Cyborg vs. Holm,"December 30, 2017","Las Vegas, Nevada, USA"
UFC Fight Night: Lawler vs. Dos Anjos,"December 16, 2017","Winnipeg, Manitoba, Canada"
UFC Fight Night: Swanson vs. Ortega,"December 09, 2017","Fresno, California, USA"
UFC 218: Holloway vs. Aldo 2,"December 02, 2017","Detroit, Michigan, USA"
The Ultimate Fighter: A New World Champion Finale,"December 01, 2017","Las Vegas, Nevada, USA"
UFC Fight Night: Bisping vs. Gastelum,"November 25, 2017","Shanghai, Hebei, China"
UFC Fight Night: Werdum vs. Tybura,"November 18, 2017","Sydney, New South Wales, Australia"
UFC Fight Night: Poirier vs. Pettis,"November 11, 2017","Norfolk, Virginia, USA"
UFC 217: Bisping vs. St-Pierre,"November 04, 2017","New York City, New York, USA"
UFC Fight Night: Brunson vs. Machida,"October 28, 2017","Sao Paulo, Sao Paulo, Brazil"
UFC Fight Night: Cerrone vs. Till,"October 21, 2017","Gdansk, Poland"
UFC 216: Ferguson vs. Lee,"October 07, 2017","Las Vegas, Nevada, USA"
UFC Fight Night: Saint Preux vs. Okami,"September 22, 2017","Saitama, Saitama, Japan"
UFC Fight Night: Rockhold vs. Branch,"September 16, 2017","Pittsburgh, Pennsylvania, USA"
UFC 215: Nunes vs Shevchenko 2,"September 09, 2017","Edmonton, Alberta, Canada"
UFC Fight Night: Volkov vs. Struve,"September 02, 2017","Rotterdam, Zuid-Holland, Netherlands"
UFC Fight Night: Pettis vs. Moreno,"August 05, 2017","Mexico City, Distrito Federal, Mexico"
UFC 214: Cormier vs. Jones 2,"July 29, 2017","Anaheim, California, USA"
UFC Fight Night: Weidman vs. Gastelum,"July 22, 2017","Uniondale, New York, USA"
UFC Fight Night: Nelson vs. Ponzinibbio,"July 16, 2017","Glasgow, Scotland, United Kingdom"
UFC 213: Romero vs. Whittaker,"July 08, 2017","Las Vegas, Nevada, USA"
The Ultimate Fighter: Redemption Finale,"July 07, 2017","Las Vegas, Nevada, USA"
UFC Fight Night: Chiesa vs. Lee,"June 25, 2017","Oklahoma City, Oklahoma, USA"
UFC Fight Night: Holm vs. Correia,"June 17, 2017","Kallang, Singapore"
UFC Fight Night: Lewis vs. Hunt,"June 10, 2017","Auckland, New Zealand"
UFC 212: Aldo vs. Holloway,"June 03, 2017","Rio de Janeiro, Rio de Janeiro, Brazil"
UFC Fight Night: Gustafsson vs. Teixeira,"May 28, 2017","Stockholm, Sweden"
UFC 211: Miocic vs. Dos Santos,"May 13, 2017","Dallas, Texas, USA"
UFC Fight Night: Swanson vs. Lobov,"April 22, 2017","Nashville, Tennessee, USA"
UFC on FOX: Johnson vs. Reis,"April 15, 2017","Kansas City, Missouri, USA"
UFC 210: Cormier vs. Johnson 2,"April 08, 2017","Buffalo, New York, USA"
UFC Fight Night: Manuwa vs. Anderson,"March 18, 2017","London, England, United Kingdom"
UFC Fight Night: Belfort vs. Gastelum,"March 11, 2017","Fortaleza, Ceara, Brazil"
UFC 209: Woodley vs. Thompson 2,"March 04, 2017","Las Vegas, Nevada, USA"
UFC Fight Night: Lewis vs. Browne,"February 19, 2017","Halifax, Nova Scotia, Canada"
UFC 208: Holm vs. De Randamie,"February 11, 2017","Brooklyn, New York, USA"
UFC Fight Night: Bermudez vs. The Korean Zombie,"February 04, 2017","Houston, Texas, USA"
UFC on FOX: Shevchenko vs. Pena,"January 28, 2017","Denver, Colorado, USA"
UFC Fight Night: Rodriguez vs. Penn,"January 15, 2017","Phoenix, Arizona, USA"
UFC 207: Nunes vs. Rousey,"December 30, 2016","Las Vegas, Nevada, USA"
UFC on FOX: VanZant vs. Waterson,"December 17, 2016","Sacramento, California, USA"
UFC 206: Holloway vs. Pettis,"December 10, 2016","Toronto, Ontario, Canada"
UFC Fight Night: Lewis vs. Abdurakhimov,"December 09, 2016","Albany, New York, USA"
The Ultimate Fighter: Tournament of Champions Finale,"December 03, 2016","Las Vegas, Nevada, USA"
UFC Fight Night: Whittaker vs. Brunson,"November 26, 2016","Melbourne, Victoria, Australia"
UFC Fight Night: Bader vs. Nogueira,"November 19, 2016","Sao Paulo, Sao Paulo, Brazil"
UFC Fight Night: Mousasi vs. Hall 2,"November 19, 2016","Belfast, Northern Ireland, United Kingdom"
UFC 205: Alvarez vs McGregor,"November 12, 2016","New York City, New York, USA"
UFC Fight Night: Dos Anjos vs. Ferguson,"November 05, 2016","Mexico City, Distrito Federal, Mexico"
UFC 204: Bisping vs. Henderson,"October 08, 2016","Manchester, England, United Kingdom"
UFC Fight Night: Lineker vs. Dodson,"October 01, 2016","Portland, Oregon, USA"
UFC Fight Night: Cyborg vs. Lansberg,"September 24, 2016","Brasilia, Distrito Federal, Brazil"
UFC Fight Night: Poirier vs. Johnson,"September 17, 2016","Hidalgo, Texas, USA"
UFC 203: Miocic vs. Overeem,"September 10, 2016","Cleveland, Ohio, USA"
UFC Fight Night: Arlovski vs. Barnett,"September 03, 2016","Hamburg, Hamburg, Germany"
UFC on FOX: Maia vs. Condit,"August 27, 2016","Vancouver, British Columbia, Canada"
UFC 202: Diaz vs. McGregor 2,"August 20, 2016","Las Vegas, Nevada, USA"
UFC Fight Night: Rodriguez vs. Caceres,"August 06, 2016","Salt Lake City, Utah, USA"
UFC 201: Lawler vs. Woodley,"July 30, 2016","Atlanta, Georgia, USA"
UFC on FOX: Holm vs. Shevchenko,"July 23, 2016","Chicago, Illinois, USA"
UFC Fight Night: McDonald vs. Lineker,"July 13, 2016","Sioux Falls, South Dakota, USA"
UFC 200: Tate vs Nunes,"July 09, 2016","Las Vegas, Nevada, USA"
The Ultimate Fighter: Team Joanna vs. Team Cláudia Finale,"July 08, 2016","Las Vegas, Nevada, USA"
UFC Fight Night: Dos Anjos vs. Alvarez,"July 07, 2016","Las Vegas, Nevada, USA"
UFC Fight Night: MacDonald vs Thompson,"June 18, 2016","Ottawa, Ontario, Canada"
UFC 199: Rockhold vs. Bisping 2,"June 04, 2016","Los Angeles, California, USA"
UFC Fight Night: Almeida vs Garbrandt,"May 29, 2016","Las Vegas, Nevada, USA"
UFC 198: Werdum vs Miocic,"May 14, 2016","Curitiba, Parana, Brazil"
UFC Fight Night: Overeem vs Arlovski,"May 08, 2016","Rotterdam, Zuid-Holland, Netherlands"
UFC 197: Jones vs Saint Preux,"April 23, 2016","Las Vegas, Nevada, USA"
UFC on FOX: Teixeira vs Evans,"April 16, 2016","Tampa, Florida, USA"
UFC Fight Night: Rothwell vs Dos Santos,"April 10, 2016","Zagreb, Croatia"
UFC Fight Night: Hunt vs Mir,"March 19, 2016","Brisbane, Queensland, Australia"
UFC 196: McGregor vs Diaz,"March 05, 2016","Las Vegas, Nevada, USA"
UFC Fight Night: Silva vs Bisping,"February 27, 2016","London, England, United Kingdom"
UFC Fight Night: Cowboy vs Cowboy,"February 21, 2016","Pittsburgh, Pennsylvania, USA"
UFC Fight Night: Hendricks vs Thompson,"February 06, 2016","Las Vegas, Nevada, USA"
UFC on FOX: Johnson vs. Bader,"January 30, 2016","Newark, New Jersey, USA"
UFC Fight Night: Dillashaw vs Cruz,"January 17, 2016","Boston, Massachusetts, USA"
UFC 195: Lawler vs Condit,"January 02, 2016","Las Vegas, Nevada, USA"
UFC on FOX: Dos Anjos vs. Cowboy 2,"December 19, 2015","Orlando, Florida, USA"
UFC 194: Aldo vs McGregor,"December 12, 2015","Las Vegas, Nevada, USA"
The Ultimate Fighter: Team McGregor vs. Team Faber Finale,"December 11, 2015","Las Vegas, Nevada, USA"
UFC Fight Night: Namajunas vs. VanZant,"December 10, 2015","Las Vegas, Nevada, USA"
UFC Fight Night: Henderson vs Masvidal,"November 28, 2015","Seoul, South Korea"
UFC Fight Night: Magny vs Gastelum,"November 21, 2015","Monterrey, Nuevo Leon, Mexico"
UFC 193: Rousey vs Holm,"November 14, 2015","Melbourne, Victoria, Australia"
UFC Fight Night: Belfort vs Henderson 3,"November 07, 2015","Sao Paulo, Sao Paulo, Brazil"
UFC Fight Night: Holohan vs Smolka,"October 24, 2015","Dublin, Leinster, Ireland"
UFC 192: Cormier vs Gustafsson,"October 03, 2015","Houston, Texas, USA"
UFC Fight Night: Barnett vs Nelson,"September 26, 2015","Saitama, Japan"
UFC 191: Johnson vs Dodson 2,"September 05, 2015","Las Vegas, Nevada, USA"
UFC Fight Night: Holloway vs Oliveira,"August 23, 2015","Saskatoon, Saskatchewan, Canada"
UFC Fight Night: Teixeira vs Saint Preux,"August 08, 2015","Nashville, Tennessee, USA"
UFC 190: Rousey vs Correia,"August 01, 2015","Rio de Janeiro, Rio de Janeiro, Brazil"
UFC on FOX: Dillashaw vs. Barao II,"July 25, 2015","Chicago, Illinois, USA"
UFC Fight Night: Bisping vs Leites,"July 18, 2015","Glasgow, Scotland, United Kingdom"
UFC Fight Night: Mir vs Duffee,"July 15, 2015","San Diego, California, USA"
The Ultimate Fighter: American Top Team vs. Blackzilians Finale,"July 12, 2015","Las Vegas, Nevada, USA"
UFC 189: Mendes vs McGregor,"July 11, 2015","Las Vegas, Nevada, USA"
UFC Fight Night: Machida vs Romero,"June 27, 2015","Hollywood, Florida, USA"
UFC Fight Night: Jedrzejczyk vs Penne,"June 20, 2015","Berlin, Berlin, Germany"
UFC 188: Velasquez vs Werdum,"June 13, 2015","Mexico City, Distrito Federal, Mexico"
UFC Fight Night: Boetsch vs Henderson,"June 06, 2015","New Orleans, Louisiana, USA"
UFC Fight Night: Condit vs Alves,"May 30, 2015","Goiania, Goias, Brazil"
UFC 187: Johnson vs Cormier,"May 23, 2015","Las Vegas, Nevada, USA"
UFC Fight Night: Edgar vs Faber,"May 16, 2015","Manila, Philippines"
UFC Fight Night: Miocic vs Hunt,"May 09, 2015","Adelaide, South Australia, Australia"
UFC 186: Johnson vs Horiguchi,"April 25, 2015","Montreal, Quebec, Canada"
UFC on FOX: Machida vs Rockhold,"April 18, 2015","Newark, New Jersey, USA"
UFC Fight Night: Gonzaga vs Cro Cop 2,"April 11, 2015","Krakow, Poland"
UFC Fight Night: Mendes vs Lamas,"April 04, 2015","Fairfax, Virginia, USA"
UFC Fight Night: Maia vs LaFlare,"March 21, 2015","Rio de Janeiro, Brazil"
UFC 185: Pettis vs Dos Anjos,"March 14, 2015","Dallas, Texas, USA"
UFC 184: Rousey vs Zingano,"February 28, 2015","Los Angeles, California, USA"
UFC Fight Night: Bigfoot vs Mir,"February 22, 2015","Porto Alegre, Rio Grande do Sul, Brazil"
UFC Fight Night: Henderson vs Thatch,"February 14, 2015","Broomfield, Colorado, USA"
UFC 183: Silva vs Diaz,"January 31, 2015","Las Vegas, Nevada, USA"
UFC on FOX: Gustafsson vs Johnson,"January 24, 2015","Stockholm, Sweden"
UFC Fight Night: McGregor vs Siver,"January 18, 2015","Boston, Massachusetts, USA"
UFC 182: Jones vs Cormier,"January 03, 2015","Las Vegas, Nevada, USA"
UFC Fight Night: Machida vs Dollaway,"December 20, 2014","Barueri, Sao Paulo, Brazil"
UFC on FOX: Dos Santos vs Miocic,"December 13, 2014","Phoenix, Arizona, USA"
The Ultimate Fighter: A Champion Will Be Crowned Finale,"December 12, 2014","Las Vegas, Nevada, USA"
UFC 181: Hendricks vs Lawler II,"December 06, 2014","Las Vegas, Nevada, USA"
UFC Fight Night: Edgar vs Swanson,"November 22, 2014","Austin, Texas, USA"
UFC 180: Werdum vs Hunt,"November 15, 2014","Mexico City, Distrito Federal, Mexico"
UFC Fight Night 56: Shogun vs Saint Preux,"November 08, 2014","Uberlandia, Minas Gerais, Brazil"
UFC Fight Night: Rockhold vs Bisping,"November 07, 2014","Sydney, New South Wales, Australia"
UFC 179: Aldo vs Mendes 2,"October 25, 2014","Rio de Janeiro, Brazil"
UFC Fight Night: MacDonald vs Saffiedine,"October 04, 2014","Halifax, Nova Scotia, Canada"
UFC Fight Night: Nelson vs Story,"October 04, 2014","Stockholm, Sweden"
UFC 178: Johnson vs Cariaso,"September 27, 2014","Las Vegas, Nevada, USA"
UFC Fight Night: Hunt vs Nelson,"September 20, 2014","Saitama, Japan"
UFC Fight Night: Bigfoot vs Arlovski,"September 13, 2014","Brasilia, Distrito Federal, Brazil"
UFC Fight Night: Jacare vs Mousasi,"September 05, 2014","Ledyard, Connecticut, USA"
UFC 177: Dillashaw vs Soto,"August 30, 2014","Sacramento, California, USA"
UFC Fight Night: Henderson vs Dos Anjos,"August 23, 2014","Tulsa, Oklahoma, USA"
UFC Fight Night: Bisping vs Le,"August 23, 2014","Macau, China"
UFC Fight Night: Bader vs Saint Preux,"August 16, 2014","Bangor, Maine, USA"
UFC on FOX: Lawler vs Brown,"July 26, 2014","San Jose, California, USA"
UFC Fight Night: McGregor vs Brandao,"July 19, 2014","Dublin, Leinster, Ireland"
UFC Fight Night: Cowboy vs Miller,"July 16, 2014","Atlantic City, New Jersey, USA"
The Ultimate Fighter: Team Edgar vs. Team Penn Finale,"July 06, 2014","Las Vegas, Nevada, USA"
UFC 175: Weidman vs Machida,"July 05, 2014","Las Vegas, Nevada, USA"
UFC Fight Night: Swanson vs Stephens,"June 28, 2014","San Antonio, Texas, USA"
UFC Fight Night: Te Huna vs Marquardt,"June 28, 2014","Auckland, New Zealand"
UFC 174: Johnson vs Bagautinov,"June 14, 2014","Vancouver, British Columbia, Canada"
UFC Fight Night: Henderson vs Khabilov,"June 07, 2014","Albuquerque, New Mexico, USA"
UFC Fight Night: Miocic vs Maldonado,"May 31, 2014","Sao Paulo, Brazil"
UFC Fight Night: Munoz vs Mousasi,"May 31, 2014","Berlin, Germany"
UFC 173: Barao vs Dillashaw,"May 24, 2014","Las Vegas, Nevada, USA"
UFC Fight Night: Brown vs Silva,"May 10, 2014","Cincinnati, Ohio, USA"
UFC 172: Jones vs Teixeira,"April 26, 2014","Baltimore, Maryland, USA"
UFC on FOX: Werdum vs Browne,"April 19, 2014","Orlando, Florida, USA"
UFC Fight Night: Bisping vs Kennedy,"April 16, 2014","Quebec City, Quebec, Canada"
UFC Fight Night: Minotauro vs Nelson,"April 11, 2014","Abu Dhabi, United Arab Emirates"
UFC Fight Night: Shogun vs Henderson 2,"March 23, 2014","Natal, Rio Grande do Norte, Brazil"
UFC 171: Hendricks vs Lawler,"March 15, 2014","Dallas, Texas, USA"
UFC Fight Night: Gustafsson vs Manuwa,"March 08, 2014","London, England, United Kingdom"
UFC Fight Night: Kim vs Hathaway,"March 01, 2014","Macau, China"
UFC 170: Rousey vs McMann,"February 22, 2014","Las Vegas, Nevada, USA"
UFC Fight Night: Machida vs Mousasi,"February 15, 2014","Jaragua do Sul, Santa Catarina, Brazil"
UFC 169: Barao vs Faber 2,"February 01, 2014","Newark, New Jersey, USA"
UFC on FOX: Henderson vs Thomson,"January 25, 2014","Chicago, Illinois, USA"
UFC Fight Night: Rockhold vs Philippou,"January 15, 2014","Duluth, Georgia, USA"
UFC Fight Night: Saffiedine vs Lim,"January 04, 2014","Singapore, Singapore"
UFC 168: Weidman vs Silva 2,"December 28, 2013","Las Vegas, Nevada, USA"
UFC on FOX: Johnson vs. Benavidez 2,"December 14, 2013","Sacramento, California, USA"
UFC Fight Night: Hunt vs Bigfoot,"December 06, 2013","Brisbane, Queensland, Australia"
The Ultimate Fighter: Team Rousey vs. Team Tate Finale,"November 30, 2013","Las Vegas, Nevada, USA"
UFC 167: St-Pierre vs Hendricks,"November 16, 2013","Las Vegas, Nevada, USA"
UFC Fight Night: Belfort vs Henderson 2,"November 09, 2013","Goiania, Goias, Brazil"
UFC Fight Night: Fight for the Troops 3,"November 06, 2013","Fort Campbell, Kentucky, USA"
UFC Fight Night: Machida vs Munoz,"October 26, 2013","Manchester, England, United Kingdom"
UFC 166: Velasquez vs Dos Santos 3,"October 19, 2013","Houston, Texas, USA"
UFC Fight Night: Maia vs Shields,"October 09, 2013","Barueri, Sao Paulo, Brazil"
UFC 165: Jones vs Gustafsson,"September 21, 2013","Toronto, Ontario, Canada"
UFC Fight Night: Teixeira vs Bader,"September 04, 2013","Belo Horizonte, Minas Gerais, Brazil"
UFC 164: Henderson vs Pettis 2,"August 31, 2013","Milwaukee, Wisconsin, USA"
UFC Fight Night: Condit vs Kampmann 2,"August 28, 2013","Indianapolis, Indiana, USA"
UFC Fight Night: Shogun vs Sonnen,"August 17, 2013","Boston, Massachusetts, USA"
UFC 163: Aldo vs Jung,"August 03, 2013","Rio de Janeiro, Brazil"
UFC on FOX: Johnson vs Moraga,"July 27, 2013","Seattle, Washington, USA"
UFC 162: Silva vs Weidman,"July 06, 2013","Las Vegas, Nevada, USA"
UFC 161: Evans vs Henderson,"June 15, 2013","Winnipeg, Manitoba, Canada"
UFC on FUEL TV: Nogueira vs. Werdum,"June 08, 2013","Fortaleza, Ceara, Brazil"
UFC 160: Velasquez vs Silva 2,"May 25, 2013","Las Vegas, Nevada, USA"
UFC on FX: Belfort vs. Rockhold,"May 18, 2013","Jaragua do Sul, Santa Catarina, Brazil"
UFC 159: Jones vs Sonnen,"April 27, 2013","Newark, New Jersey, USA"
UFC on FOX: Henderson vs Melendez,"April 20, 2013","San Jose, California, USA"
The Ultimate Fighter: Team Jones vs. Team Sonnen Finale,"April 13, 2013","Las Vegas, Nevada, USA"
UFC on FUEL TV: Mousasi vs Latifi,"April 06, 2013","Stockholm, Sweden"
UFC 158: St-Pierre vs Diaz,"March 16, 2013","Montreal, Quebec, Canada"
UFC on FUEL TV: Silva vs. Stann,"March 02, 2013","Saitama, Japan"
UFC 157: Rousey vs Carmouche,"February 23, 2013","Anaheim, California, USA"
UFC on FUEL TV: Barao vs McDonald,"February 16, 2013","London, England, United Kingdom"
UFC 156: Aldo vs Edgar,"February 02, 2013","Las Vegas, Nevada, USA"
UFC on FOX: Johnson vs Dodson,"January 26, 2013","Chicago, Illinois, USA"
UFC on FX: Belfort vs Bisping,"January 19, 2013","Sao Paulo, Brazil"
UFC 155: Dos Santos vs Velasquez II,"December 29, 2012","Las Vegas, Nevada, USA"
The Ultimate Fighter: Team Carwin vs. Team Nelson Finale,"December 15, 2012","Las Vegas, Nevada, USA"
UFC on FX: Sotiropoulos vs Pearson,"December 14, 2012","Gold Coast, Queensland, Australia"
UFC on FOX: Henderson vs Diaz,"December 08, 2012","Seattle, Washington, USA"
UFC 154: St-Pierre vs Condit,"November 17, 2012","Montreal, Quebec, Canada"
UFC Macao: Franklin vs Le,"November 10, 2012","Macau, China"
UFC 153: Silva vs Bonnar,"October 13, 2012","Rio de Janeiro, Brazil"
UFC on FX: Browne vs Bigfoot,"October 05, 2012","Minneapolis, Minnesota, USA"
UFC on FUEL TV: Struve vs Miocic,"September 29, 2012","Nottingham, England, United Kingdom"
UFC 152: Jones vs Belfort,"September 22, 2012","Toronto, Ontario, Canada"
UFC 150: Henderson vs Edgar II,"August 11, 2012","Denver, Colorado, USA"
UFC on FOX: Shogun vs Vera,"August 04, 2012","Los Angeles, California, USA"
UFC 149: Faber vs Barao,"July 21, 2012","Calgary, Alberta, Canada"
UFC on FUEL TV: Munoz vs Weidman,"July 11, 2012","San Jose, California, USA"
UFC 148: Silva vs Sonnen 2,"July 07, 2012","Las Vegas, Nevada, USA"
UFC 147: Silva vs Franklin 2,"June 23, 2012","Belo Horizonte, Minas Gerais, Brazil"
UFC on FX: Maynard vs Guida,"June 22, 2012","Atlantic City, New Jersey, USA"
UFC on FX: Johnson vs McCall,"June 08, 2012","Sunrise, Florida, USA"
The Ultimate Fighter: Live Finale,"June 01, 2012","Las Vegas, Nevada, USA"
UFC 146: Dos Santos vs Mir,"May 26, 2012","Las Vegas, Nevada, USA"
UFC on FUEL TV: Korean Zombie vs Poirier,"May 15, 2012","Fairfax, Virginia, USA"
UFC on FOX: Diaz vs Miller,"May 05, 2012","East Rutherford, New Jersey, USA"
UFC 145: Jones vs Evans,"April 21, 2012","Atlanta, Georgia, USA"
UFC on FUEL TV: Gustafsson vs Silva,"April 14, 2012","Stockholm, Sweden"
UFC on FX: Alves vs Kampmann,"March 02, 2012","Sydney, New South Wales, Australia"
UFC 144: Edgar vs Henderson,"February 25, 2012","Saitama, Japan"
UFC on FUEL TV: Sanchez vs Ellenberger,"February 15, 2012","Omaha, Nebraska, USA"
UFC 143: Diaz vs Condit,"February 04, 2012","Las Vegas, Nevada, USA"
UFC on FOX: Evans vs Davis,"January 28, 2012","Chicago, Illinois, USA"
UFC on FX: Guillard vs Miller,"January 20, 2012","Nashville, Tennessee, USA"
UFC 142: Aldo vs Mendes,"January 14, 2012","Rio de Janeiro, Brazil"
UFC 141: Lesnar vs Overeem,"December 30, 2011","Las Vegas, Nevada, USA"
UFC 140: Jones vs Machida,"December 10, 2011","Toronto, Ontario, Canada"
The Ultimate Fighter: Team Bisping vs Team Miller Finale,"December 03, 2011","Las Vegas, Nevada, USA"
UFC 139: Shogun vs Henderson,"November 19, 2011","San Jose, California, USA"
UFC on FOX: Velasquez vs Dos Santos,"November 12, 2011","Anaheim, California, USA"
UFC 138: Leben vs Munoz,"November 05, 2011","Birmingham, England, United Kingdom"
UFC 137: Penn vs Diaz,"October 29, 2011","Las Vegas, Nevada, USA"
UFC 136: Edgar vs Maynard 3,"October 08, 2011","Houston, Texas, USA"
UFC Live: Cruz vs Johnson,"October 01, 2011","Washington, DC, USA"
UFC 135: Jones vs Rampage,"September 24, 2011","Denver, Colorado, USA"
UFC Fight Night: Shields vs Ellenberger,"September 17, 2011","New Orleans, Louisiana, USA"
UFC 134: Silva vs Okami,"August 27, 2011","Rio de Janeiro, Brazil"
UFC Live: Hardy vs Lytle,"August 14, 2011","Milwaukee, Wisconsin, USA"
UFC 133: Evans vs Ortiz 2,"August 06, 2011","Philadelphia, Pennsylvania, USA"
UFC 132: Cruz vs Faber,"July 02, 2011","Las Vegas, Nevada, USA"
UFC Live: Kongo vs Barry,"June 26, 2011","Pittsburgh, Pennsylvania, USA"
UFC 131: Dos Santos vs Carwin,"June 11, 2011","Vancouver, British Columbia, Canada"
The Ultimate Fighter: Team Lesnar vs Team dos Santos Finale,"June 04, 2011","Las Vegas, Nevada, USA"
UFC 130: Rampage vs Hamill,"May 28, 2011","Las Vegas, Nevada, USA"
UFC 129: St-Pierre vs Shields,"April 30, 2011","Toronto, Ontario, Canada"
UFC Fight Night: Nogueira vs Davis,"March 26, 2011","Seattle, Washington, USA"
UFC 128: Shogun vs Jones,"March 19, 2011","Newark, New Jersey, USA"
UFC Live: Sanchez vs Kampmann,"March 03, 2011","Louisville, Kentucky, USA"
UFC 127: Penn vs Fitch,"February 26, 2011","Sydney, New South Wales, Australia"
UFC 126: Silva vs Belfort,"February 05, 2011","Las Vegas, Nevada, USA"
UFC Fight Night: Fight for the Troops 2,"January 22, 2011","Killeen, Texas, USA"
UFC 125: Resolution,"January 01, 2011","Las Vegas, Nevada, USA"
UFC 124: St-Pierre vs Koscheck 2,"December 11, 2010","Montreal, Quebec, Canada"
The Ultimate Fighter: Team GSP vs Team Koscheck Finale,"December 04, 2010","Las Vegas, Nevada, USA"
UFC 123: Rampage vs Machida,"November 20, 2010","Auburn Hills, Michigan, USA"
UFC 122: Marquardt vs Okami,"November 13, 2010","Oberhausen, North Rhine-Westphalia, Germany"
UFC 121: Lesnar vs Velasquez,"October 23, 2010","Anaheim, California, USA"
UFC 120: Bisping vs Akiyama,"October 16, 2010","London, England, United Kingdom"
UFC 119: Mir vs Cro Cop,"September 25, 2010","Indianapolis, Indiana, USA"
UFC Fight Night: Marquardt vs Palhares,"September 15, 2010","Austin, Texas, USA"
UFC 118: Edgar vs Penn 2,"August 28, 2010","Boston, Massachusetts, USA"
UFC 117: Silva vs Sonnen,"August 07, 2010","Oakland, California, USA"
UFC Live: Jones vs Matyushenko,"August 01, 2010","San Diego, California, USA"
UFC 116: Lesnar vs Carwin,"July 03, 2010","Las Vegas, Nevada, USA"
The Ultimate Fighter: Team Liddell vs Team Ortiz Finale,"June 19, 2010","Las Vegas, Nevada, USA"
UFC 115: Liddell vs Franklin,"June 12, 2010","Vancouver, British Columbia, Canada"
UFC 114: Rampage vs Evans,"May 29, 2010","Las Vegas, Nevada, USA"
UFC 113: Machida vs Shogun 2,"May 08, 2010","Montreal, Quebec, Canada"
UFC 112: Invincible,"April 10, 2010","Abu Dhabi, United Arab Emirates"
UFC Fight Night: Florian vs Gomi,"March 31, 2010","Charlotte, North Carolina, USA"
UFC 111: St-Pierre vs Hardy,"March 27, 2010","Newark, New Jersey, USA"
UFC Live: Vera vs Jones,"March 21, 2010","Broomfield, Colorado, USA"
UFC 110: Nogueira vs Velasquez,"February 20, 2010","Sydney, New South Wales, Australia"
UFC 109: Relentless,"February 06, 2010","Las Vegas, Nevada, USA"
UFC Fight Night: Maynard vs Diaz,"January 11, 2010","Fairfax, Virginia, USA"
UFC 108: Evans vs Silva,"January 02, 2010","Las Vegas, Nevada, USA"
UFC 107: Penn vs Sanchez,"December 12, 2009","Memphis, Tennessee, USA"
The Ultimate Fighter: Heavyweights Finale,"December 05, 2009","Las Vegas, Nevada, USA"
UFC 106: Ortiz vs Griffin 2,"November 21, 2009","Las Vegas, Nevada, USA"
UFC 105: Couture vs Vera,"November 14, 2009","Manchester, England, United Kingdom"
UFC 104: Machida vs Shogun,"October 24, 2009","Los Angeles, California, USA"
UFC 103: Franklin vs Belfort,"September 19, 2009","Dallas, Texas, USA"
UFC Fight Night: Diaz vs Guillard,"September 16, 2009","Oklahoma City, Oklahoma, USA"
UFC 102: Couture vs Nogueira,"August 29, 2009","Portland, Oregon, USA"
UFC 101: Declaration,"August 08, 2009","Philadelphia, Pennsylvania, USA"
UFC 100,"July 11, 2009","Las Vegas, Nevada, USA"
The Ultimate Fighter: United States vs. United Kingdom Finale,"June 20, 2009","Las Vegas, Nevada, USA"
UFC 99: The Comeback,"June 13, 2009","Cologne, North Rhine-Westphalia, Germany"
UFC 98: Evans vs Machida,"May 23, 2009","Las Vegas, Nevada, USA"
UFC 97: Redemption,"April 18, 2009","Montreal, Quebec, Canada"
UFC Fight Night: Condit vs Kampmann,"April 01, 2009","Nashville, Tennessee, USA"
UFC 96: Jackson vs Jardine,"March 07, 2009","Columbus, Ohio, USA"
UFC 95: Sanchez vs Stevenson,"February 21, 2009","London, England, United Kingdom"
UFC Fight Night: Lauzon vs Stephens,"February 07, 2009","Tampa, Florida, USA"
UFC 94: St-Pierre vs Penn 2,"January 31, 2009","Las Vegas, Nevada, USA"
UFC 93: Franklin vs Henderson,"January 17, 2009","Dublin, Leinster, Ireland"
UFC 92: The Ultimate 2008,"December 27, 2008","Las Vegas, Nevada, USA"
The Ultimate Fighter: Team Nogueira vs. Team Mir Finale,"December 13, 2008","Las Vegas, Nevada, USA"
UFC Fight Night - Fight for the Troops,"December 10, 2008","Fayetteville, North Carolina, USA"
UFC 91: Couture vs Lesnar,"November 15, 2008","Las Vegas, Nevada, USA"
UFC 90: Silva vs Cote,"October 25, 2008","Rosemont, Illinois, USA"
UFC 89: Bisping vs Leben,"October 18, 2008","Birmingham, England, United Kingdom"
UFC Fight Night: Diaz vs Neer,"September 17, 2008","Omaha, Nebraska, USA"
UFC 88: Breakthrough,"September 06, 2008","Atlanta, Georgia, USA"
UFC 87: Seek And Destroy,"August 09, 2008","Minneapolis, Minnesota, USA"
UFC: Silva vs Irvin,"July 19, 2008","Las Vegas, Nevada, USA"
UFC 86: Jackson vs Griffin,"July 05, 2008","Las Vegas, Nevada, USA"
The Ultimate Fighter: Team Rampage vs Team Forrest Finale,"June 21, 2008","Las Vegas, Nevada, USA"
UFC 85: Bedlam,"June 07, 2008","London, England, United Kingdom"
UFC 84: Ill Will,"May 24, 2008","Las Vegas, Nevada, USA"
UFC 83: Serra vs St-Pierre 2,"April 19, 2008","Montreal, Quebec, Canada"
UFC Fight Night: Florian vs Lauzon,"April 02, 2008","Broomfield, Colorado, USA"
UFC 82: Pride of a Champion,"March 01, 2008","Columbus, Ohio, USA"
UFC 81: Breaking Point,"February 02, 2008","Las Vegas, Nevada, USA"
UFC Fight Night: Swick vs Burkman,"January 23, 2008","Las Vegas, Nevada, USA"
UFC 80: Rapid Fire,"January 19, 2008","Newcastle, England, United Kingdom"
UFC 79: Nemesis,"December 29, 2007","Las Vegas, Nevada, USA"
The Ultimate Fighter: Team Hughes vs. Team Serra Finale,"December 08, 2007","Las Vegas, Nevada, USA"
UFC 78: Validation,"November 17, 2007","Newark, New Jersey, USA"
UFC 77: Hostile Territory,"October 20, 2007","Cincinnati, Ohio, USA"
UFC 76: Knockout,"September 22, 2007","Anaheim, California, USA"
UFC Fight Night: Thomas vs Florian,"September 19, 2007","Las Vegas, Nevada, USA"
UFC 75: Champion vs Champion,"September 08, 2007","London, England, United Kingdom"
UFC 74: Respect,"August 25, 2007","Las Vegas, Nevada, USA"
UFC 73: Stacked,"July 07, 2007","Sacramento, California, USA"
The Ultimate Fighter: Team Pulver vs. Team Penn Finale,"June 23, 2007","Las Vegas, Nevada, USA"
UFC 72: Victory,"June 16, 2007","Belfast, Northern Ireland, United Kingdom"
UFC Fight Night: Stout vs Fisher,"June 12, 2007","Hollywood, Florida, USA"
UFC 71: Liddell vs Jackson,"May 26, 2007","Las Vegas, Nevada, USA"
UFC 70: Nations Collide,"April 21, 2007","Manchester, England, United Kingdom"
UFC 69: Shootout,"April 07, 2007","Houston, Texas, USA"
UFC Fight Night: Stevenson vs Guillard,"April 05, 2007","Las Vegas, Nevada, USA"
UFC 68: The Uprising,"March 03, 2007","Columbus, Ohio, USA"
UFC 67: All or Nothing,"February 03, 2007","Las Vegas, Nevada, USA"
UFC Fight Night: Evans vs Salmon,"January 25, 2007","Hollywood, Florida, USA"
UFC 66: Liddell vs Ortiz 2,"December 30, 2006","Las Vegas, Nevada, USA"
UFC Fight Night: Sanchez vs Riggs,"December 13, 2006","San Diego, California, USA"
UFC 65: Bad Intentions,"November 18, 2006","Sacramento, California, USA"
The Ultimate Fighter: The Comeback Finale,"November 11, 2006","Las Vegas, Nevada, USA"
UFC 64: Unstoppable,"October 14, 2006","Las Vegas, Nevada, USA"
Ortiz vs Shamrock 3: The Final Chapter,"October 10, 2006","Hollywood, Florida, USA"
UFC 63: Hughes vs Penn,"September 23, 2006","Anaheim, California, USA"
UFC 62: Liddell vs Sobral,"August 26, 2006","Las Vegas, Nevada, USA"
UFC Fight Night 6,"August 17, 2006","Las Vegas, Nevada, USA"
UFC 61: Bitter Rivals,"July 08, 2006","Las Vegas, Nevada, USA"
UFC Fight Night 5,"June 28, 2006","Las Vegas, Nevada, USA"
The Ultimate Fighter: Team Ortiz vs. Team Shamrock Finale,"June 24, 2006","Las Vegas, Nevada, USA"
UFC 60: Hughes vs Gracie,"May 27, 2006","Los Angeles, California, USA"
UFC 59: Reality Check,"April 15, 2006","Anaheim, California, USA"
UFC Fight Night 4,"April 06, 2006","Las Vegas, Nevada, USA"
UFC 58: USA vs Canada,"March 04, 2006","Las Vegas, Nevada, USA"
UFC 57: Liddell vs Couture 3,"February 04, 2006","Las Vegas, Nevada, USA"
UFC Fight Night 3,"January 16, 2006","Las Vegas, Nevada, USA"
UFC 56: Full Force,"November 19, 2005","Las Vegas, Nevada, USA"
The Ultimate Fighter: Team Hughes vs. Team Franklin Finale,"November 05, 2005","Las Vegas, Nevada, USA"
UFC 55: Fury,"October 07, 2005","Uncasville, Connecticut, USA"
UFC Fight Night 2,"October 03, 2005","Las Vegas, Nevada, USA"
UFC 54: Boiling Point,"August 20, 2005","Las Vegas, Nevada, USA"
UFC Fight Night 1,"August 06, 2005","Las Vegas, Nevada, USA"
UFC 53: Heavy Hitters,"June 04, 2005","Atlantic City, New Jersey, USA"
UFC 52: Couture vs Liddell 2,"April 16, 2005","Las Vegas, Nevada, USA"
The Ultimate Fighter: Team Couture vs. Team Liddell Finale,"April 09, 2005","Las Vegas, Nevada, USA"
UFC 51: Super Saturday,"February 05, 2005","Las Vegas, Nevada, USA"
UFC 50: The War Of '04,"October 22, 2004","Atlantic City, New Jersey, USA"
UFC 49: Unfinished Business,"August 21, 2004","Las Vegas, Nevada, USA"
UFC 48: Payback,"June 19, 2004","Las Vegas, Nevada, USA"
UFC 47: It's On!,"April 02, 2004","Las Vegas, Nevada, USA"
UFC 46: Supernatural,"January 31, 2004","Las Vegas, Nevada, USA"
UFC 45: Revolution,"November 21, 2003","Uncasville, Connecticut, USA"
UFC 44: Undisputed,"September 26, 2003","Las Vegas, Nevada, USA"
UFC 43: Meltdown,"June 06, 2003","Las Vegas, Nevada, USA"
UFC 42: Sudden Impact,"April 25, 2003","Miami, Florida, USA"
UFC 41: Onslaught,"February 28, 2003","Atlantic City, New Jersey, USA"
UFC 40: Vendetta,"November 22, 2002","Las Vegas, Nevada, USA"
UFC 39: The Warriors Return,"September 27, 2002","Uncasville, Connecticut, USA"
UFC 38: Brawl at the Hall,"July 13, 2002","London, England, United Kingdom"
UFC 37.5: As Real As It Gets,"June 22, 2002","Las Vegas, Nevada, USA"
UFC 37: High Impact,"May 10, 2002","Bossier City, Louisiana, USA"
UFC 36: Worlds Collide,"March 22, 2002","Las Vegas, Nevada, USA"
UFC 35: Throwdown,"January 11, 2002","Uncasville, Connecticut, USA"
UFC 34: High Voltage,"November 02, 2001","Las Vegas, Nevada, USA"
UFC 33: Victory in Vegas,"September 28, 2001","Las Vegas, Nevada, USA"
UFC 32: Showdown in the Meadowlands,"June 29, 2001","East Rutherford, New Jersey, USA"
UFC 31: Locked and Loaded,"May 04, 2001","Atlantic City, New Jersey, USA"
UFC 30: Battle on the Boardwalk,"February 23, 2001","Atlantic City, New Jersey, USA"
UFC 29: Defense of the Belts,"December 16, 2000","Tokyo, Japan"
UFC 28: High Stakes,"November 17, 2000","Atlantic City, New Jersey, USA"
UFC 27: Ultimate Bad Boyz,"September 22, 2000","New Orleans, Louisiana, USA"
UFC 26: Ultimate Field Of Dreams,"June 09, 2000","Cedar Rapids, Iowa, USA"
UFC 25: Ultimate Japan 3,"April 14, 2000","Tokyo, Japan"
UFC 24: First Defense,"March 10, 2000","Lake Charles, Louisiana, USA"
UFC 23: Ultimate Japan 2,"November 19, 1999","Chiba, Japan"
UFC 22: Only One Can be Champion,"September 24, 1999","Lake Charles, Louisiana, USA"
UFC 21: Return of the Champions,"July 16, 1999","Cedar Rapids, Iowa, USA"
UFC 20: Battle for the Gold,"May 07, 1999","Birmingham, Alabama, USA"
UFC 19: Ultimate Young Guns,"March 05, 1999","Bay St. Louis, Mississippi, USA"
UFC 18: The Road to the Heavyweight Title,"January 08, 1999","New Orleans, Louisiana, USA"
UFC - Ultimate Brazil,"October 16, 1998","Sao Paulo, Brazil"
UFC 17: Redemption,"May 15, 1998","Mobile, Alabama, USA"
UFC 16: Battle in the Bayou,"March 13, 1998","New Orleans, Louisiana, USA"
UFC - Ultimate Japan,"December 21, 1997","Yokohama, Kanagawa, Japan"
UFC 15: Collision Course,"October 17, 1997","Bay St. Louis, Mississippi, USA"
UFC 14: Showdown,"July 27, 1997","Birmingham, Alabama, USA"
UFC 13: The Ultimate Force,"May 30, 1997","Augusta, Georgia, USA"
UFC 12: Judgement Day,"February 07, 1997","Dothan, Alabama, USA"
UFC - Ultimate Ultimate '96,"December 07, 1996","Birmingham, Alabama, USA"
UFC 11: The Proving Ground,"September 20, 1996","Augusta, Georgia, USA"
UFC 10: The Tournament,"July 12, 1996","Birmingham, Alabama, USA"
UFC 9: Motor City Madness,"May 17, 1996","Detroit, Michigan, USA"
UFC 8: David vs Goliath,"February 16, 1996","San Juan, Puerto Rico"
UFC - Ultimate Ultimate '95,"December 16, 1995","Denver, Colorado, USA"
UFC 7: The Brawl in Buffalo,"September 08, 1995","Buffalo, New York, USA"
UFC 6: Clash of the Titans,"July 14, 1995","Casper, Wyoming, USA"
UFC 5: The Return of the Beast,"April 07, 1995","Charlotte, North Carolina, USA"
UFC 4: Revenge of the Warriors,"December 16, 1994","Tulsa, Oklahoma, USA"
UFC 3: The American Dream,"September 09, 1994","Charlotte, North Carolina, USA"
UFC 2: No Way Out,"March 11, 1994","Denver, Colorado, USA"
